Day,Depot,Usable stock,Damaged stock,Rentals,Repairs
1,A,15.0,1.0991486347146502,15.0,0.4316806984051633
1,B,9.275302541788463,1.0,9.275302541788463,1.0
1,C,9.702601285474397,1.0,9.702601285474397,1.0
2,A,12.42446927161978,2.0,10.0,2.0
2,B,10.45513160395116,1.0505701782167958,10.45513160395116,1.0
2,C,10.132193267370795,1.0146881408189772,10.132193267370795,1.0
3,A,13.518290354394361,1.0104245647527312,12.0,1.0104245647527312
3,B,10.269565854260371,1.0805219398012817,8.059039538470891,1.0
3,C,10.16520544715481,1.0330443016139557,9.796784394523234,1.0
