variable,value
"x[start,A1]",1.0
"x[start,A2]",0.0
"x[start,B1]",0.0
"x[start,C1]",0.0
"x[A1,A2]",0.0
"x[A1,B1]",1.0
"x[A1,C1]",0.0
"x[A1,end]",0.0
"x[A2,A1]",0.0
"x[A2,B1]",0.0
"x[A2,C1]",0.0
"x[A2,end]",1.0
"x[B1,A1]",0.0
"x[B1,A2]",0.0
"x[B1,C1]",1.0
"x[B1,end]",0.0
"x[C1,A1]",0.0
"x[C1,A2]",1.0
"x[C1,B1]",0.0
"x[C1,end]",0.0
s[A1],0.0
s[A2],10.999999999999996
s[B1],3.0
s[C1],6.0
finish,13.999999999999998
tardy[A1],0.0
tardy[A2],1.9999999999999976
tardy[B1],0.0
tardy[C1],0.0
overtime,1.9999999999999982
